data,plataforma,custo,cliques,impressoes,cpc,cpm
2025-04-05,Google Ads,434.454,3026,,0.14357369464639788,
2025-05-14,Google Ads,392.12100000000004,4079,,0.09613164991419466,
2025-04-18,Google Ads,684.1260000000001,6638,,0.10306206688761677,
2025-09-14,Google Ads,595.7005,4803,,0.12402675411201333,
2025-07-20,Google Ads,875.088,5092,,0.17185545954438333,
2025-07-24,Google Ads,742.5785000000001,3463,,0.2144321397632111,
2025-07-27,Google Ads,1009.8120000000001,6172,,0.1636117952041478,
2025-02-18,Google Ads,709.258,4816,,0.14727117940199336,
2025-03-31,Google Ads,628.094,4048,,0.15516156126482214,
2025-09-05,Google Ads,956.8700000000001,6100,,0.15686393442622953,
2025-09-04,Google Ads,1010.4815000000001,2688,,0.3759231770833334,
2025-03-24,Google Ads,1094.5810000000001,3635,,0.30112269601100417,
2025-06-06,Google Ads,1122.288,6112,,0.18362041884816754,
2025-04-13,Google Ads,421.0640000000001,6359,,0.06621544267966663,
2025-03-20,Google Ads,522.0555,1085,,0.4811571428571429,
2025-08-02,Google Ads,400.87600000000003,2850,,0.1406582456140351,
2025-06-22,Google Ads,1080.0065000000002,5250,,0.20571552380952385,
2025-06-25,Google Ads,395.05649999999997,6758,,0.0584576058005327,
2025-01-29,Google Ads,161.3495,5362,,0.03009129056322268,
2025-01-05,Google Ads,335.78000000000003,5326,,0.06304543747653023,
2025-08-13,Google Ads,286.958,3816,,0.07519863731656186,
2025-03-21,Google Ads,1103.027,6129,,0.17996851036058084,
2025-02-21,Google Ads,1051.6815000000001,6701,,0.15694396358752427,
2025-08-14,Google Ads,767.556,6680,,0.11490359281437126,
2025-10-13,Google Ads,1228.3265000000001,3778,,0.3251261249338275,
2025-09-12,Google Ads,861.801,1724,,0.4998845707656613,
2025-07-07,Google Ads,1252.0680000000002,1246,,1.004869983948636,
2025-04-17,Google Ads,518.3475000000001,5497,,0.09429643441877389,
2025-01-20,Google Ads,749.7370000000001,4574,,0.16391276781810232,
2025-09-16,Google Ads,191.58000000000004,5502,,0.03482006543075246,
2025-06-26,Google Ads,1271.226,3754,,0.3386323921150773,
2025-05-23,Google Ads,1166.99,5635,,0.2070967169476486,
2025-03-23,Google Ads,280.3145,1834,,0.15284323882224646,
2025-03-14,Google Ads,485.59350000000006,1486,,0.32677893674293407,
2025-09-14,Google Ads,1064.402,4896,,0.21740236928104575,
2025-08-29,Google Ads,753.5995000000001,6576,,0.11459846411192216,
2025-03-02,Google Ads,158.51700000000002,1495,,0.10603143812709032,
2025-02-12,Google Ads,823.5365,2386,,0.34515360435875947,
2025-01-05,Google Ads,870.6590000000001,2154,,0.4042056638811514,
2025-03-17,Google Ads,625.828,5191,,0.12056020034675399,
2025-02-09,Google Ads,975.513,5602,,0.17413655837201,
2025-06-10,Google Ads,986.3795000000001,5928,,0.16639330296896088,
2025-08-27,Google Ads,671.8175,4922,,0.1364927874847623,
2025-07-10,Google Ads,463.24250000000006,1420,,0.32622711267605636,
2025-04-16,Google Ads,1237.4935,2156,,0.5739765769944342,
2025-09-22,Google Ads,805.3570000000001,4541,,0.17735234529839244,
2025-09-10,Google Ads,448.20450000000005,2170,,0.20654585253456223,
2025-01-29,Google Ads,170.9285,1591,,0.10743463230672534,
2025-02-12,Google Ads,271.97150000000005,6015,,0.04521554447215296,
2025-03-29,Google Ads,337.32500000000005,6769,,0.049833801152312014,
2025-07-30,Google Ads,207.133,2876,,0.07202121001390821,
2025-07-31,Google Ads,623.562,5434,,0.11475193227824806,
2025-04-04,Google Ads,411.588,5005,,0.08223536463536464,
2025-06-01,Google Ads,701.5845,2959,,0.23710189253126057,
2025-04-16,Google Ads,1093.4995000000001,2374,,0.4606147851727043,
2025-07-20,Google Ads,1209.2715,1073,,1.1270004659832247,
2025-09-10,Google Ads,767.7620000000002,807,,0.9513779429987611,
2025-07-02,Google Ads,727.798,3540,,0.20559265536723165,
2025-06-13,Google Ads,835.4845,6848,,0.12200416179906542,
2025-04-22,Google Ads,250.29000000000002,2218,,0.11284490532010821,
2025-03-30,Google Ads,669.9120000000001,2010,,0.333289552238806,
2025-03-22,Google Ads,712.6055000000001,1636,,0.4355779339853301,
2025-03-09,Google Ads,901.7135000000001,5049,,0.17859249356308182,
2025-05-09,Google Ads,1157.102,6212,,0.18626883451384418,
2025-04-26,Google Ads,1263.1405000000002,1589,,0.7949279421019511,
2025-09-28,Google Ads,355.19550000000004,6326,,0.05614851406892191,
2025-07-20,Google Ads,1196.8600000000001,5893,,0.2030985915492958,
2025-04-17,Google Ads,275.62800000000004,6962,,0.03959034760126401,
2025-01-19,Google Ads,1172.037,5092,,0.23017223095051062,
2025-09-13,Google Ads,239.99000000000004,4813,,0.049862871389985464,
2025-10-11,Google Ads,773.633,3526,,0.219408111174135,
2025-09-28,Google Ads,716.8285000000001,2232,,0.3211597222222223,
2025-08-30,Google Ads,442.90000000000003,3090,,0.14333333333333334,
2025-02-16,Google Ads,867.0540000000001,6476,,0.13388727609635578,
2025-04-23,Google Ads,613.365,5928,,0.10346912955465587,
2025-01-08,Google Ads,265.946,2639,,0.1007752936718454,
2025-09-10,Google Ads,286.90650000000005,6614,,0.043378666465074094,
2025-08-24,Google Ads,282.58050000000003,3545,,0.07971241184767279,
2025-01-13,Google Ads,835.1754999999999,1888,,0.44235990466101693,
2025-06-26,Google Ads,351.53900000000004,5157,,0.06816734535582704,
2025-08-03,Google Ads,1082.1695,2445,,0.4426051124744376,
2025-10-28,Google Ads,783.315,1211,,0.6468331957060282,
2025-10-22,Google Ads,783.2635,4382,,0.17874566408032863,
2025-03-08,Google Ads,662.393,3224,,0.2054568858560794,
2025-03-28,Google Ads,1198.0445,3018,,0.3969663684559311,
2025-02-27,Google Ads,748.1405000000001,6127,,0.12210551656601927,
2025-05-21,Google Ads,635.201,966,,0.6575579710144928,
2025-01-20,Google Ads,1158.441,3529,,0.32826324737886087,
2025-01-26,Google Ads,774.4055000000001,1593,,0.4861302573760201,
2025-05-07,Google Ads,369.873,1553,,0.23816677398583386,
2025-02-26,Google Ads,162.431,969,,0.16762745098039217,
2025-06-04,Google Ads,221.656,2298,,0.09645604873803308,
2025-06-03,Google Ads,581.5895,5210,,0.11162946257197698,
2025-03-08,Google Ads,1080.6245000000001,1619,,0.6674641754169242,
2025-10-04,Google Ads,1052.9175,6007,,0.17528175461961046,
2025-08-20,Google Ads,182.56750000000002,2628,,0.0694701293759513,
2025-04-03,Google Ads,1148.45,3132,,0.36668263090676884,
2025-01-30,Google Ads,496.048,5636,,0.08801419446415898,
2025-08-31,Google Ads,489.353,4894,,0.0999903964037597,
2025-08-17,Google Ads,1039.888,1433,,0.7256720167480809,
2025-06-23,Google Ads,255.4915,3145,,0.08123736089030206,
2025-02-05,Google Ads,332.48400000000004,6901,,0.04817910447761194,
2025-09-08,Google Ads,787.538,3268,,0.24098470012239903,
2025-09-16,Google Ads,237.2605,4739,,0.05006552015193079,
2025-02-10,Google Ads,1016.1465000000001,6461,,0.15727387401331064,
2025-03-11,Google Ads,1275.9125000000001,4183,,0.30502330863016974,
2025-01-16,Google Ads,944.0465,6162,,0.15320456020772477,
2025-05-07,Google Ads,1233.6825000000001,1019,,1.210679587831207,
2025-03-05,Google Ads,812.258,2043,,0.39758100832109644,
2025-04-03,Google Ads,856.8570000000001,1312,,0.6530922256097562,
2025-06-14,Google Ads,261.62,4592,,0.05697299651567944,
2025-08-13,Google Ads,1211.8465,2776,,0.43654412824207495,
2025-09-30,Google Ads,965.522,3583,,0.26947306726207093,
2025-08-22,Google Ads,835.0725000000001,2744,,0.3043267128279884,
2025-09-15,Google Ads,476.37500000000006,5599,,0.08508215752813003,
2025-07-16,Google Ads,721.0515,3315,,0.21751176470588238,
2025-02-19,Google Ads,592.0955,5571,,0.1062817267994974,
2025-06-12,Google Ads,1003.7350000000001,2110,,0.4757037914691944,
2025-07-07,Google Ads,271.4565,4289,,0.06329132664956867,
2025-01-03,Google Ads,165.5725,6813,,0.024302436518420664,
2025-07-23,Google Ads,762.9209999999999,4009,,0.19030207034173108,
2025-03-15,Google Ads,594.7735,2455,,0.24227026476578412,
2025-10-25,Google Ads,725.6865,3704,,0.19591968142548596,
2025-08-19,Google Ads,209.5535,1268,,0.16526301261829654,
2025-04-20,Google Ads,623.4075,1089,,0.5724586776859505,
2025-09-06,Google Ads,525.5575,2326,,0.22594905417024935,
2025-09-22,Google Ads,956.2520000000001,2202,,0.4342652134423252,
2025-04-13,Google Ads,792.9455,1651,,0.4802819503331315,
2025-01-29,Google Ads,799.4860000000001,3099,,0.2579819296547274,
2025-02-16,Google Ads,434.969,4602,,0.09451738374619731,
2025-01-09,Google Ads,722.7510000000001,5861,,0.12331530455553662,
2025-07-31,Google Ads,404.4295,1972,,0.205085953346856,
2025-08-09,Google Ads,1020.1635000000001,3543,,0.2879377646062659,
2025-02-02,Google Ads,344.2775,5256,,0.06550180745814307,
2025-02-23,Google Ads,910.005,2093,,0.4347849976110846,
2025-09-20,Google Ads,843.2610000000001,3820,,0.22074895287958118,
2025-08-16,Google Ads,403.451,4380,,0.09211210045662101,
2025-01-31,Google Ads,260.6415,1720,,0.15153575581395348,
2025-01-24,Google Ads,1037.7765,5162,,0.20104155366137155,
2025-08-26,Google Ads,1236.4120000000003,4769,,0.2592602222688195,
2025-08-11,Google Ads,1044.832,4069,,0.2567785696731384,
2025-10-20,Google Ads,1114.46,6688,,0.16663576555023923,
2025-04-21,Google Ads,955.0160000000001,4800,,0.19896166666666668,
2025-08-15,Google Ads,1118.477,3044,,0.36743659658344285,
2025-10-23,Google Ads,717.3950000000001,3037,,0.23621830754033588,
2025-03-30,Google Ads,1245.7335,6628,,0.1879501357875679,
2025-08-18,Google Ads,1120.3825000000002,4550,,0.24623791208791213,
2025-09-08,Google Ads,887.7055,6369,,0.1393791018998273,
2025-01-27,Google Ads,879.8775,2347,,0.37489454622922885,
2025-04-10,Google Ads,1097.156,5506,,0.19926552851434798,
2025-09-23,Google Ads,853.9730000000001,4554,,0.18752151954325869,
2025-08-22,Google Ads,1012.49,4397,,0.23026836479417784,
2025-02-28,Google Ads,873.646,2420,,0.3610107438016529,
2025-02-28,Google Ads,342.269,4395,,0.0778769055745165,
2025-08-26,Google Ads,467.41400000000004,6467,,0.07227678985619299,
2025-06-01,Google Ads,267.1305,5268,,0.05070814350797266,
2025-02-01,Google Ads,893.5765,6017,,0.14850864218048862,
2025-08-14,Google Ads,267.59400000000005,2419,,0.11062174452252999,
2025-05-06,Google Ads,1033.3990000000001,1087,,0.9506890524379026,
2025-08-13,Google Ads,1221.683,1031,,1.184949563530553,
2025-05-05,Google Ads,1228.6870000000001,6488,,0.1893783908754624,
2025-09-21,Google Ads,582.8770000000001,4004,,0.14557367632367635,
2025-01-29,Google Ads,255.9035,1216,,0.21044695723684212,
2025-06-24,Google Ads,703.5415000000002,1871,,0.37602431854623203,
2025-10-30,Google Ads,1105.0870000000002,6535,,0.16910283091048206,
2025-06-08,Google Ads,704.2110000000001,973,,0.7237523124357658,
2025-01-02,Google Ads,537.6085,6238,,0.08618283103558834,
2025-02-14,Google Ads,1073.2085,2755,,0.38954936479128854,
2025-10-30,Google Ads,463.603,5280,,0.08780359848484849,
2025-06-25,Google Ads,853.8185,6475,,0.131863861003861,
2025-05-20,Google Ads,372.448,6012,,0.06195076513639387,
2025-04-06,Google Ads,643.4925000000001,4009,,0.16051197306061363,
2025-10-09,Google Ads,663.8865000000001,2986,,0.22233305425318153,
2025-01-16,Google Ads,1272.4620000000002,3040,,0.4185730263157895,
2025-07-17,Google Ads,1087.9375,2217,,0.49072507893549844,
2025-05-07,Google Ads,995.7010000000001,3123,,0.31882837015690046,
2025-06-23,Google Ads,429.30400000000003,1136,,0.37790845070422535,
2025-06-09,Google Ads,205.4335,5548,,0.03702838860850757,
2025-07-19,Google Ads,350.09700000000004,4029,,0.08689426656738646,
2025-07-11,Google Ads,877.8690000000001,5875,,0.1494245106382979,
2025-02-20,Google Ads,1077.998,1198,,0.8998313856427379,
2025-06-19,Google Ads,383.4175,5099,,0.07519464600902138,
2025-01-23,Google Ads,303.4895,4340,,0.06992845622119816,
2025-09-08,Google Ads,156.71450000000002,6407,,0.024459887622912443,
2025-02-28,Google Ads,248.745,2801,,0.0888057836486969,
2025-10-11,Google Ads,245.758,3554,,0.0691496904895892,
2025-01-16,Google Ads,289.1725,5156,,0.05608465865011637,
2025-09-09,Google Ads,561.2470000000001,3918,,0.1432483409903012,
2025-05-03,Google Ads,1010.6360000000001,1500,,0.6737573333333334,
2025-01-12,Google Ads,295.30100000000004,2478,,0.11916908797417274,
2025-07-04,Google Ads,991.1175000000001,6937,,0.14287408101484791,
2025-08-31,Google Ads,1117.756,1885,,0.5929740053050399,
2025-07-07,Google Ads,931.738,4734,,0.1968183354457119,
2025-05-12,Google Ads,223.51000000000002,871,,0.2566130884041332,
2025-10-12,Google Ads,589.4175,4133,,0.14261250907331235,
2025-02-15,Google Ads,1084.5900000000001,3120,,0.3476250000000001,
2025-08-12,Google Ads,482.09150000000005,1563,,0.30843985924504164,
2025-08-23,Google Ads,332.38100000000003,2354,,0.14119838572642313,
2025-05-20,Google Ads,747.3165000000001,6458,,0.11571949519975226,
2025-02-20,Google Ads,1177.8565,3064,,0.38441791775456924,
2025-09-20,Google Ads,1090.9245,3812,,0.2861816631689402,
2025-06-26,Google Ads,263.98900000000003,4364,,0.060492438130155826,
2025-03-26,Google Ads,597.091,2100,,0.28432904761904765,
2025-02-26,Google Ads,1099.9370000000001,5119,,0.21487341277593283,
2025-04-10,Google Ads,757.3075000000001,6380,,0.11870023510971789,
2025-01-28,Google Ads,538.1235,5061,,0.10632750444576171,
2025-01-03,Google Ads,605.3825,1732,,0.34952800230946884,
2025-10-15,Google Ads,705.9105000000001,3978,,0.17745361990950229,
2025-07-03,Google Ads,1010.4815000000001,1946,,0.5192607913669065,
2025-01-28,Google Ads,749.5825000000001,2414,,0.31051470588235297,
2025-07-22,Google Ads,489.0955,6014,,0.08132615563684736,
2025-08-17,Google Ads,507.5325,4124,,0.12306801648884579,
2025-07-31,Google Ads,463.7060000000001,4724,,0.09815961049957665,
2025-07-20,Google Ads,230.72,5781,,0.03991005016433143,
2025-07-07,Google Ads,606.464,5562,,0.10903703703703704,
2025-02-09,Google Ads,340.36350000000004,846,,0.40232092198581565,
2025-03-14,Google Ads,389.134,6158,,0.06319162065605716,
2025-04-25,Google Ads,302.6655,4675,,0.0647412834224599,
2025-07-23,Google Ads,385.58050000000003,4684,,0.08231863791631085,
2025-05-25,Google Ads,314.2015,2883,,0.10898421782865071,
2025-02-05,Google Ads,256.161,3523,,0.07271104172580187,
2025-08-16,Google Ads,1147.0595,6160,,0.1862109577922078,
2025-01-15,Google Ads,288.86350000000004,3704,,0.07798690604751621,
2025-03-23,Google Ads,950.381,2632,,0.36108700607902733,
2025-02-06,Google Ads,452.47900000000004,6303,,0.07178787878787879,
2025-03-16,Google Ads,265.89450000000005,810,,0.3282648148148149,
2025-04-25,Google Ads,603.4770000000001,5680,,0.10624595070422536,
2025-04-13,Google Ads,674.1350000000001,1504,,0.44822805851063835,
2025-06-15,Google Ads,1160.1405000000002,1874,,0.6190717716115263,
2025-01-28,Google Ads,1285.9035000000001,2295,,0.5603065359477125,
2025-08-23,Google Ads,1095.4565,6567,,0.16681231917161565,
2025-09-17,Google Ads,910.1080000000001,3518,,0.2587003979533826,
2025-04-27,Google Ads,623.4075,2282,,0.2731847063978966,
2025-04-30,Google Ads,1160.5010000000002,1861,,0.6235900053734552,
2025-04-11,Google Ads,170.41350000000003,927,,0.18383333333333338,
2025-10-08,Google Ads,917.3180000000001,6911,,0.13273303429315586,
2025-10-08,Google Ads,168.30200000000002,2549,,0.06602667712828561,
2025-07-18,Google Ads,666.307,3528,,0.1888625283446712,
2025-01-27,Google Ads,1074.496,4234,,0.25377798771846954,
2025-02-28,Google Ads,1248.4115000000002,908,,1.3749025330396478,
2025-03-31,Google Ads,558.2085000000001,4169,,0.13389505876709046,
2025-03-26,Google Ads,182.6705,3402,,0.05369503233392122,
2025-07-17,Google Ads,727.489,6924,,0.10506773541305604,
2025-03-29,Google Ads,1269.5265,1653,,0.768013611615245,
2025-04-18,Google Ads,383.82950000000005,945,,0.4061687830687831,
2025-05-26,Google Ads,342.37200000000007,6943,,0.0493118248595708,
2025-09-29,Google Ads,777.3925,4173,,0.18629103762281332,
2025-06-04,Google Ads,1272.874,5496,,0.23160007278020378,
2025-03-23,Google Ads,1112.0910000000001,3602,,0.3087426429761244,
2025-02-26,Google Ads,925.764,4226,,0.21906389020350214,
2025-04-16,Google Ads,808.3955000000001,5372,,0.15048315338793747,
2025-03-27,Google Ads,1180.8950000000002,4111,,0.2872524933106301,
2025-04-27,Google Ads,1088.9160000000002,4495,,0.24225050055617356,
2025-07-14,Google Ads,1185.0665000000001,6954,,0.1704150848432557,
2025-02-13,Google Ads,1134.339,5307,,0.213743923120407,
2025-06-29,Google Ads,708.7945,6120,,0.11581609477124183,
2025-05-29,Google Ads,156.1995,2887,,0.05410443366816765,
2025-10-19,Google Ads,608.421,5914,,0.10287808589786947,
2025-06-17,Google Ads,745.4625000000001,4858,,0.15345049403046523,
2025-04-23,Google Ads,390.061,5579,,0.06991593475533249,
2025-05-02,Google Ads,284.74350000000004,3113,,0.09146916158046901,
2025-07-11,Google Ads,845.939,3577,,0.23649398937657254,
2025-09-07,Google Ads,460.97650000000004,2852,,0.161632713884993,
2025-07-29,Google Ads,543.3765000000001,2987,,0.1819137931034483,
2025-07-04,Google Ads,277.1215,5300,,0.05228707547169812,
2025-04-25,Google Ads,738.4585,1955,,0.3777281329923273,
2025-10-04,Google Ads,790.422,1687,,0.46853704801422646,
2025-07-03,Google Ads,1011.666,3072,,0.32931835937500004,
2025-04-16,Google Ads,1234.146,1563,,0.7896007677543186,
2025-05-12,Google Ads,347.419,1009,,0.34432011892963327,
2025-07-20,Google Ads,384.499,2380,,0.16155420168067228,
2025-09-06,Google Ads,377.85550000000006,3462,,0.10914370306181399,
2025-10-16,Google Ads,582.3620000000001,2891,,0.20143964026288486,
2025-05-08,Google Ads,939.9780000000001,958,,0.9811878914405011,
2025-09-19,Google Ads,961.3505,3342,,0.28765724117295033,
2025-03-19,Google Ads,670.7875,5319,,0.12611158112427148,
2025-06-06,Google Ads,354.1655,1238,,0.2860787560581583,
2025-01-28,Google Ads,1214.0610000000001,2728,,0.44503702346041063,
2025-09-29,Google Ads,329.08500000000004,3465,,0.09497402597402599,
2025-09-21,Google Ads,1282.4530000000002,977,,1.312643807574207,
2025-08-16,Google Ads,444.65100000000007,6809,,0.06530342194154796,
2025-04-02,Google Ads,704.7775,6947,,0.1014506261695696,
2025-07-19,Google Ads,972.9895000000001,4756,,0.20458147603027757,
2025-07-10,Google Ads,300.966,5637,,0.05339116551357105,
2025-10-21,Google Ads,245.19150000000002,6593,,0.03718967086303656,
2025-03-31,Google Ads,830.1285,955,,0.8692445026178011,
2025-07-18,Google Ads,516.0300000000001,6671,,0.07735421975715787,
2025-02-23,Google Ads,934.725,1483,,0.6302933243425489,
2025-01-22,Google Ads,1194.7485000000001,1830,,0.6528680327868853,
2025-02-26,Google Ads,1008.8335,4342,,0.23234304467987102,
2025-05-05,Google Ads,1032.472,5210,,0.1981712092130518,
2025-03-22,Google Ads,179.941,1045,,0.17219234449760765,
2025-06-02,Google Ads,331.9175,2131,,0.1557566870014078,
2025-03-05,Google Ads,955.5310000000001,1902,,0.502382229232387,
2025-05-22,Google Ads,1265.1490000000001,1994,,0.6344779338014043,
2025-09-12,Google Ads,1238.6265,6295,,0.1967635424940429,
2025-05-23,Google Ads,853.2520000000001,1877,,0.4545828449653703,
2025-10-25,Google Ads,445.7325,6732,,0.06621100713012477,
2025-03-30,Google Ads,766.7320000000001,1834,,0.4180654307524537,
2025-04-01,Google Ads,779.71,1369,,0.5695471146822498,
2025-03-27,Facebook Ads,4211.13,1617,39136,2.6042857142857145,107.60246320523304
2025-01-06,Facebook Ads,1503.09,686,71353,2.191093294460641,21.065547349095343
2025-02-02,Facebook Ads,4349.92,830,117883,5.240867469879518,36.90031641542886
2025-10-07,Facebook Ads,2111.21,677,138196,3.1184785819793204,15.27692552606443
2025-06-17,Facebook Ads,2442.17,1070,30715,2.2824018691588788,79.51066254273157
2025-08-05,Facebook Ads,1977.64,2848,62211,0.6943960674157303,31.78923341531241
2025-06-07,Facebook Ads,1613.35,1939,97838,0.8320526044352758,16.490014104948994
2025-05-25,Facebook Ads,1886.45,2100,30421,0.8983095238095238,62.011439466158244
2025-01-12,Facebook Ads,1630.73,1026,131511,1.5894054580896686,12.399951334869327
2025-02-23,Facebook Ads,4611.86,1867,78796,2.4701981788966254,58.52911315295192
2025-08-16,Facebook Ads,2456.11,1660,146543,1.4795843373493978,16.7603365565056
2025-09-08,Facebook Ads,2465.12,624,91374,3.95051282051282,26.97835270427036
2025-04-12,Facebook Ads,1608.47,1051,40434,1.530418648905804,39.780135529504875
2025-03-18,Facebook Ads,2655.07,701,120625,3.787546362339515,22.01094300518135
2025-06-05,Facebook Ads,2862.85,1999,49074,1.4321410705352675,58.33740881118311
2025-09-23,Facebook Ads,1499.43,538,101298,2.7870446096654278,14.802167861162117
2025-03-27,Facebook Ads,2319.26,557,23451,4.163842010771993,98.89812801159867
2025-09-09,Facebook Ads,4912.91,544,105477,9.03108455882353,46.57802174881728
2025-08-06,Facebook Ads,346.73,1488,125502,0.23301747311827958,2.7627448168156685
2025-07-21,Facebook Ads,2866.4,532,90754,5.3879699248120305,31.58428278643366
2025-04-24,Facebook Ads,1845.51,1066,71754,1.7312476547842401,25.719959862864787
2025-08-11,Facebook Ads,4828.04,2086,48364,2.314496644295302,99.82714415681085
2025-01-09,Facebook Ads,2322.05,1772,59758,1.3104119638826186,38.85755882057633
2025-10-08,Facebook Ads,1219.88,1354,106986,0.9009453471196456,11.402239545361075
2025-05-27,Facebook Ads,2880.11,2320,140404,1.241426724137931,20.513019572091963
2025-07-26,Facebook Ads,4561.5,1753,106932,2.6021106674272674,42.65795084726742
2025-01-29,Facebook Ads,2682.08,2505,35124,1.070690618762475,76.36032342557796
2025-05-16,Facebook Ads,4006.81,524,77104,7.646583969465649,51.96630525005188
2025-08-15,Facebook Ads,4917.28,2966,35207,1.6578826702629803,139.6676797227824
2025-05-29,Facebook Ads,3732.92,916,51314,4.075240174672489,72.74661885645243
2025-08-25,Facebook Ads,1809.1,1012,20396,1.7876482213438734,88.69876446362031
2025-01-13,Facebook Ads,1696.4,2776,96422,0.6110951008645533,17.593495260417747
2025-05-21,Facebook Ads,309.05,1923,108714,0.1607124284971399,2.8427801387125853
2025-03-15,Facebook Ads,1159.26,843,37589,1.3751601423487545,30.840405437761046
2025-04-14,Facebook Ads,4499.6,533,148933,8.44202626641651,30.21224308917433
2025-04-29,Facebook Ads,859.23,1219,149050,0.7048646431501231,5.76470982891647
2025-07-10,Facebook Ads,4973.68,2173,144496,2.2888541187298665,34.42088362307608
2025-04-12,Facebook Ads,3921.79,2807,84479,1.3971464196651229,46.423253116159046
2025-06-07,Facebook Ads,896.54,1675,23545,0.5352477611940298,38.07772350817583
2025-06-07,Facebook Ads,1465.56,2624,99304,0.5585213414634146,14.758317892532022
2025-07-03,Facebook Ads,3025.81,1654,55706,1.8293893591293833,54.31748824184109
2025-08-10,Facebook Ads,3447.68,1104,25435,3.1228985507246376,135.54865343031256
2025-10-27,Facebook Ads,1875.02,1648,102471,1.137754854368932,18.298055059480244
2025-03-07,Facebook Ads,1523.59,1365,39142,1.11618315018315,38.92468448214195
2025-07-23,Facebook Ads,3045.81,1636,112166,1.8617420537897311,27.15448531640604
2025-08-06,Facebook Ads,1498.22,517,105695,2.897911025145068,14.174937319646151
2025-10-25,Facebook Ads,559.13,2918,113964,0.19161411925976696,4.906198448632901
2025-08-16,Facebook Ads,4352.74,644,128824,6.758913043478261,33.78826926659628
2025-06-12,Facebook Ads,4996.58,1487,126292,3.3601748486886347,39.563709498622245
2025-04-01,Facebook Ads,3201.61,1438,79260,2.226432545201669,40.39376734796871
2025-05-21,Facebook Ads,1738.42,2836,102465,0.6129830747531735,16.965988386278244
2025-07-19,Facebook Ads,2571.72,541,97582,4.753641404805915,26.354450615892272
2025-07-18,Facebook Ads,190.72,868,112690,0.21972350230414747,1.6924305617179873
2025-02-08,Facebook Ads,1428.1,1741,106551,0.8202757036186099,13.40297134705446
2025-10-27,Facebook Ads,723.59,820,94162,0.8824268292682927,7.684522418810136
2025-05-28,Facebook Ads,725.98,2447,127291,0.296681651001226,5.703309739101743
2025-05-11,Facebook Ads,1762.1,551,26244,3.1980036297640653,67.14296601127877
2025-07-06,Facebook Ads,904.51,560,66223,1.6151964285714286,13.658547634507649
2025-04-01,Facebook Ads,3592.25,2771,66459,1.2963731504871887,54.05212236115499
2025-01-06,Facebook Ads,3037.36,1784,47839,1.7025560538116593,63.4912937143335
2025-07-28,Facebook Ads,3150.16,2562,94653,1.2295706479313036,33.28114270017855
2025-03-24,Facebook Ads,4888.92,1517,31899,3.2227554383651946,153.26248471738927
2025-06-25,Facebook Ads,3000.16,1912,100660,1.569121338912134,29.80488774090999
2025-05-16,Facebook Ads,1388.58,774,107807,1.794031007751938,12.880239687589858
2025-03-24,Facebook Ads,3825.57,2733,32274,1.399769484083425,118.53411414761109
2025-03-17,Facebook Ads,2604.54,841,118076,3.0969560047562426,22.058165927030046
2025-08-27,Facebook Ads,2620.29,2548,74331,1.0283712715855573,35.25164467046051
2025-03-04,Facebook Ads,135.32,980,110542,0.13808163265306123,1.224150096795788
2025-04-12,Facebook Ads,4725.69,1012,101670,4.669654150197628,46.480672764827375
2025-07-03,Facebook Ads,2775.83,2739,105747,1.0134465133260313,26.24972812467493
2025-05-26,Facebook Ads,596.89,853,98022,0.6997538100820633,6.089347289384016
2025-01-08,Facebook Ads,2478.78,2518,40030,0.9844241461477363,61.923057706719966
2025-01-15,Facebook Ads,2933.64,1298,52477,2.2601232665639444,55.90334813346799
2025-06-06,Facebook Ads,1356.56,1741,94722,0.7791843767949455,14.32148814425371
2025-07-20,Facebook Ads,978.23,2331,54830,0.41966108966108967,17.841145358380448
2025-01-17,Facebook Ads,3021.92,1960,26302,1.541795918367347,114.8931640179454
2025-01-27,Facebook Ads,2820.32,2996,52419,0.9413618157543392,53.80339189988363
2025-05-05,Facebook Ads,3599.7,1152,86740,3.124739583333333,41.499884712935206
2025-09-10,Facebook Ads,2445.99,2084,85693,1.1736996161228406,28.54363833685365
2025-03-16,Facebook Ads,1235.23,2640,26150,0.4678901515151515,47.23632887189293
2025-03-23,Facebook Ads,3928.85,2336,100514,1.6818707191780822,39.08758978848718
2025-05-08,Facebook Ads,193.62,565,77848,0.34269026548672565,2.4871544548350633
2025-02-23,Facebook Ads,4604.21,806,143545,5.71241935483871,32.075028736633115
2025-01-21,Facebook Ads,2795.23,2731,66070,1.0235188575613328,42.30709853186015
2025-07-12,Facebook Ads,3004.49,532,73214,5.647537593984962,41.037096730133584
2025-10-11,Facebook Ads,165.79,1084,127756,0.15294280442804428,1.297708131124957
2025-07-10,Facebook Ads,4563.85,1992,132288,2.291089357429719,34.499349903241416
2025-10-13,Facebook Ads,3035.58,1905,130761,1.5934803149606298,23.214719985316723
2025-08-19,Facebook Ads,1390.16,813,64085,1.7099138991389915,21.692439728485606
2025-08-18,Facebook Ads,1184.3,1353,53876,0.8753141167775313,21.981958571534634
2025-04-18,Facebook Ads,1241.32,2460,32944,0.5046016260162601,37.67969888295289
2025-06-16,Facebook Ads,1798.03,540,82590,3.329685185185185,21.770553335754933
2025-08-22,Facebook Ads,1581.49,704,69510,2.2464346590909092,22.751978132642783
2025-09-20,Facebook Ads,2620.0,1800,59371,1.4555555555555555,44.12928870997625
2025-07-17,Facebook Ads,2595.51,1860,28294,1.395435483870968,91.7335830918216
2025-08-26,Facebook Ads,4568.86,1897,85892,2.4084659989457036,53.19307968146043
2025-05-31,Facebook Ads,909.31,748,83200,1.2156550802139037,10.92920673076923
2025-10-18,Facebook Ads,1839.85,922,64245,1.9954989154013014,28.63802630554907
2025-04-16,Facebook Ads,1974.06,938,136454,2.10454157782516,14.466853298547496
2025-04-15,Facebook Ads,2674.87,723,46854,3.6996818810511756,57.089469415631534
2025-09-29,Facebook Ads,3127.42,1140,146820,2.7433508771929827,21.30104890341915
2025-09-27,Facebook Ads,2213.78,1069,30772,2.07088868101029,71.94137527622514
2025-09-21,Facebook Ads,4366.77,1159,88775,3.7677049180327873,49.189186144747964
2025-10-18,Facebook Ads,3079.8,508,74788,6.0625984251968505,41.180403273252395
2025-08-27,Facebook Ads,1255.98,1152,89709,1.0902604166666667,14.000601946293013
2025-07-12,Facebook Ads,2019.26,1766,76422,1.1434088335220838,26.422496139855017
2025-02-13,Facebook Ads,3211.34,1846,132959,1.7396208017334778,24.152859152069436
2025-01-25,Facebook Ads,4741.42,775,71796,6.11796129032258,66.04016936876707
2025-06-10,Facebook Ads,4659.99,990,142491,4.7070606060606055,32.703749710508035
2025-06-21,Facebook Ads,3116.64,2732,138760,1.1407906295754027,22.46065148457769
2025-07-12,Facebook Ads,4813.51,1654,124390,2.9102237001209192,38.69692097435485
2025-07-22,Facebook Ads,1373.92,2927,140209,0.46939528527502566,9.799085650707159
2025-02-23,Facebook Ads,4701.76,828,70738,5.678454106280194,66.46724532782945
2025-08-01,Facebook Ads,2285.12,2683,143269,0.8517033171822587,15.949856563527348
2025-08-13,Facebook Ads,4546.07,2623,104496,1.7331566908120473,43.504727453682435
2025-06-11,Facebook Ads,4357.17,2576,133003,1.6914479813664596,32.759937745765136
2025-08-04,Facebook Ads,4809.78,2125,117247,2.263425882352941,41.02262744462545
2025-02-05,Facebook Ads,767.95,916,101017,0.8383733624454149,7.602185770711861
2025-08-27,Facebook Ads,2952.91,1172,63251,2.519547781569966,46.68558599864034
2025-02-21,Facebook Ads,2531.17,2339,107142,1.0821590423257803,23.624442328871964
2025-02-21,Facebook Ads,2844.82,1863,87477,1.5270101986044016,32.52077688992536
2025-08-19,Facebook Ads,2982.08,963,133510,3.0966562824506747,22.336004793648414
2025-05-29,Facebook Ads,888.57,2287,76255,0.3885308264101443,11.652612943413546
2025-10-04,Facebook Ads,2553.93,1412,41701,1.8087322946175637,61.24385506342773
2025-08-17,Facebook Ads,2774.26,1772,21745,1.5656094808126413,127.58151299149232
2025-07-21,Facebook Ads,228.14,1880,145513,0.12135106382978722,1.5678324273432613
2025-04-18,Facebook Ads,2490.38,531,86021,4.689981167608287,28.95083758617082
2025-05-19,Facebook Ads,1791.39,2393,56869,0.7485959047221061,31.500290140498343
2025-09-09,Facebook Ads,1315.84,2515,74897,0.5231968190854871,17.568660961053176
2025-01-04,Facebook Ads,135.15,768,42175,0.17597656250000002,3.204505038529935
2025-03-28,Facebook Ads,1425.17,2673,25553,0.5331724653946877,55.77309904903534
2025-06-12,Facebook Ads,799.21,1078,32323,0.7413821892393321,24.72573709123534
2025-08-28,Facebook Ads,2918.62,1348,29436,2.165148367952522,99.15137926348689
2025-04-02,Facebook Ads,126.19,2713,102176,0.04651308514559528,1.2350258377701222
2025-01-11,Facebook Ads,4995.83,2319,92735,2.1543035791289347,53.87210869682428
2025-04-14,Facebook Ads,238.95,2679,146236,0.08919372900335946,1.6340025711863015
2025-09-14,Facebook Ads,2406.89,2186,33615,1.1010475754803293,71.60166592295106
2025-10-21,Facebook Ads,1460.49,2532,68343,0.5768127962085308,21.37000131688688
2025-05-04,Facebook Ads,2745.34,1825,38778,1.504295890410959,70.79632781474032
2025-05-24,Facebook Ads,4776.55,2038,102824,2.3437438665358195,46.453648953551706
2025-10-08,Facebook Ads,4672.92,2484,73943,1.8812077294685992,63.19624575686677
2025-08-05,Facebook Ads,3161.99,2777,28692,1.138635217861001,110.20458664436079
2025-09-24,Facebook Ads,2429.16,1449,142858,1.676438923395445,17.004017975892143
2025-05-10,Facebook Ads,2879.59,2020,85462,1.425539603960396,33.69439048934029
2025-09-23,Facebook Ads,1614.17,2181,91550,0.7401054562127465,17.631567449481157
2025-10-05,Facebook Ads,217.06,1521,44834,0.14270874424720578,4.841414997546505
2025-04-09,Facebook Ads,1195.99,2093,126352,0.5714237935977067,9.465540711662657
2025-05-28,Facebook Ads,3798.13,947,60807,4.010696937697994,62.462052066373936
2025-06-17,Facebook Ads,2276.38,2971,39118,0.7661999326825985,58.192647885883744
2025-10-30,Facebook Ads,2411.89,1179,58575,2.0457082273112808,41.17609901835254
2025-09-18,Facebook Ads,4442.25,1319,99699,3.3678923426838514,44.556615412391295
2025-04-20,Facebook Ads,3629.4,1442,46860,2.5169209431345356,77.45198463508322
2025-05-27,Facebook Ads,122.21,1680,110288,0.07274404761904761,1.108098795879878
2025-03-29,Facebook Ads,3419.41,2147,48123,1.5926455519329297,71.05562828585084
2025-04-01,Facebook Ads,3065.65,2421,138945,1.2662742668318876,22.06376623843967
2025-03-31,Facebook Ads,293.89,964,117208,0.30486514522821573,2.5074227015220805
2025-08-27,Facebook Ads,1445.88,2971,137568,0.48666442275328176,10.510293091416608
2025-07-15,Facebook Ads,673.1,1660,137656,0.4054819277108434,4.889725111873076
2025-03-18,Facebook Ads,4855.01,2076,110343,2.338636801541426,43.999256862691794
2025-06-17,Facebook Ads,2221.8,1509,94839,1.4723658051689863,23.427071141618956
2025-03-23,Facebook Ads,1112.5,2162,70697,0.5145698427382054,15.736169851620296
2025-02-12,Facebook Ads,4954.81,1185,52535,4.181274261603376,94.31445702864758
2025-01-16,Facebook Ads,2240.91,852,118291,2.630176056338028,18.944044770946224
2025-04-12,Facebook Ads,1131.31,1880,72565,0.6017606382978723,15.590298353200579
2025-09-07,Facebook Ads,1192.24,1053,22019,1.1322317188983855,54.1459648485399
2025-06-18,Facebook Ads,3127.84,1844,108532,1.6962255965292843,28.8195186673055
2025-08-20,Facebook Ads,3955.01,641,82601,6.1700624024961,47.880897325698236
2025-05-06,Facebook Ads,3407.06,1568,110516,2.172869897959184,30.828658293821707
2025-06-08,Facebook Ads,2280.58,1679,35432,1.3582966051220964,64.36498080830887
2025-02-19,Facebook Ads,4729.41,2498,56287,1.8932786228983185,84.02313145131201
2025-06-11,Facebook Ads,162.96,1822,83547,0.08944017563117454,1.950518869618299
2025-01-08,Facebook Ads,4080.14,1813,20297,2.2504908990623274,201.02182588559887
2025-02-07,Facebook Ads,3992.28,1810,95563,2.2056795580110498,41.776419744043196
2025-04-30,Facebook Ads,1532.44,676,36389,2.266923076923077,42.11272637335458
2025-07-26,Facebook Ads,2738.14,968,66402,2.8286570247933884,41.23580615041715
2025-03-01,Facebook Ads,3268.74,1117,89574,2.9263563115487914,36.49206242882979
2025-10-12,Facebook Ads,2792.85,2130,136715,1.3111971830985916,20.428263175218518
2025-10-04,Facebook Ads,1239.04,2152,100873,0.5757620817843866,12.283167943850188
2025-10-24,Facebook Ads,839.76,1450,108768,0.5791448275862069,7.720653133274492
2025-06-19,Facebook Ads,1816.39,2485,82828,0.7309416498993965,21.929661467136718
2025-05-22,Facebook Ads,4292.47,2695,50879,1.5927532467532468,84.36624147487176
2025-04-30,Facebook Ads,3994.55,1008,26254,3.9628472222222224,152.15014854879257
2025-09-12,Facebook Ads,3536.01,1413,96385,2.502484076433121,36.68631011049437
2025-07-27,Facebook Ads,3257.66,2448,84283,1.3307434640522875,38.65144809748111
2025-02-03,Facebook Ads,3471.97,1602,67462,2.1672721598002496,51.465565800005926
2025-01-02,Facebook Ads,197.87,2847,143116,0.06950122936424306,1.3825847564213645
2025-07-05,Facebook Ads,4557.67,1828,98323,2.493254923413567,46.35405754503016
2025-06-18,Facebook Ads,1447.19,1040,123971,1.3915288461538462,11.673617216929767
2025-01-07,Facebook Ads,1603.58,616,60792,2.6032142857142855,26.37814186077115
2025-06-24,Facebook Ads,3592.87,1967,142073,1.8265734621250636,25.288900776361448
2025-02-01,Facebook Ads,3966.62,1448,47883,2.739378453038674,82.83983877367751
2025-04-03,Facebook Ads,1588.08,1171,46584,1.3561742100768572,34.09067490984029
2025-06-25,Facebook Ads,3771.17,2509,94465,1.503056994818653,39.921346530461015
2025-08-16,Facebook Ads,2559.82,1679,34690,1.5246098868374034,73.79129432113002
2025-03-24,Facebook Ads,3106.84,2609,94115,1.190816404752779,33.01110343728418
2025-06-30,Facebook Ads,1383.22,2568,149126,0.5386370716510903,9.275511983155184
2025-02-13,Facebook Ads,2698.84,2362,132771,1.1426079593564775,20.327029245844347
2025-01-03,Facebook Ads,532.47,509,115899,1.0461100196463655,4.594258794295033
2025-06-02,Facebook Ads,2538.25,1054,101935,2.4082068311195446,24.900671996860744
2025-04-13,Facebook Ads,2707.85,1747,76628,1.55,35.33760505298324
2025-10-30,Facebook Ads,1171.39,1559,126554,0.7513726747915331,9.256048801302212
2025-01-21,Facebook Ads,2153.43,1092,103957,1.9720054945054943,20.714622391950517
2025-09-23,Facebook Ads,359.46,1361,97658,0.2641146216017634,3.6808044399844353
2025-07-30,Facebook Ads,1698.83,2300,26481,0.7386217391304347,64.15278879196406
2025-06-18,Facebook Ads,1084.56,1761,102010,0.61587734241908,10.6318988334477
2025-02-05,Facebook Ads,1166.65,2443,139872,0.4775480966025379,8.340840196751316
2025-01-21,Facebook Ads,1703.15,2388,53277,0.71321189279732,31.96782851887306
2025-03-26,Facebook Ads,3761.63,1611,106457,2.334965859714463,35.33473609062814
2025-01-13,Facebook Ads,1925.64,1007,106036,1.9122542204568025,18.16024746312573
2025-08-27,Facebook Ads,1220.97,2811,98827,0.43435432230522947,12.3546196889514
2025-09-24,Facebook Ads,892.37,669,51670,1.3338863976083708,17.270563189471645
2025-04-10,Facebook Ads,1087.75,2120,74825,0.5130896226415095,14.537253591713998
2025-09-24,Facebook Ads,1257.74,1745,67262,0.7207679083094556,18.69911688620618
2025-06-05,Facebook Ads,2287.31,1557,115077,1.4690494540783559,19.87634366554568
2025-05-17,Facebook Ads,1163.64,2328,130942,0.4998453608247423,8.886682653388524
2025-06-01,Facebook Ads,4072.01,1453,87033,2.802484514796972,46.78696586352303
2025-05-18,Facebook Ads,4405.24,732,97565,6.0180874316939885,45.15184748629119
2025-10-21,Facebook Ads,4448.1,1200,128916,3.7067500000000004,34.50386298054548
2025-09-02,Facebook Ads,3247.39,2185,89935,1.4862196796338671,36.10818924779007
2025-01-08,Facebook Ads,1764.64,1051,75541,1.6790104662226453,23.360029652771345
2025-02-23,Facebook Ads,794.67,2418,138724,0.3286476426799007,5.728424785905827
2025-07-26,Facebook Ads,4919.81,2973,102403,1.6548301379078374,48.043612003554585
2025-09-09,Facebook Ads,1375.92,1838,101754,0.7485963003264419,13.522023704227843
2025-03-16,Facebook Ads,1072.53,1455,70007,0.7371340206185567,15.320325110346108
2025-06-21,Facebook Ads,3349.72,1663,47280,2.014263379434756,70.84856175972926
2025-07-08,Facebook Ads,3706.65,834,47992,4.444424460431655,77.23474745790965
2025-04-19,Facebook Ads,2088.05,1174,57061,1.7785775127768315,36.593294894936996
2025-02-20,Facebook Ads,874.59,776,106547,1.127048969072165,8.208490149886904
2025-10-18,Facebook Ads,3726.84,2394,123025,1.5567418546365916,30.293355009144484
2025-03-31,Facebook Ads,1256.01,2655,72012,0.4730734463276836,17.44167638726879
2025-08-29,Facebook Ads,2825.57,2489,92721,1.1352229811169146,30.47389480268763
2025-04-19,Facebook Ads,2928.92,2972,50769,0.9855047106325707,57.691110717169934
2025-06-03,Facebook Ads,606.55,602,36186,1.0075581395348836,16.762007406179183
2025-01-29,Facebook Ads,2995.27,847,85208,3.5363282172373083,35.152450474133886
2025-06-18,Facebook Ads,4090.67,2804,96586,1.4588694721825963,42.35261839189945
2025-09-04,Facebook Ads,1700.92,1730,40202,0.9831907514450867,42.309337843888365
2025-03-27,Facebook Ads,235.33,1933,92774,0.12174340403517848,2.536594304438744
2025-04-14,Facebook Ads,4878.36,1156,116057,4.220034602076124,42.03417286333439
2025-06-02,Facebook Ads,3868.66,905,50483,4.2747624309392265,76.63292593546342
2025-01-27,Facebook Ads,660.24,1629,133037,0.4053038674033149,4.962829889429257
2025-06-11,Facebook Ads,2027.32,968,58864,2.0943388429752066,34.44074476759989
2025-04-30,Facebook Ads,4744.03,2445,24286,1.9402985685071574,195.3401136457218
2025-02-11,Facebook Ads,4800.08,1515,117027,3.1683696369636962,41.016859357242346
2025-08-30,Facebook Ads,3434.17,1250,56036,2.7473360000000002,61.2850667428082
2025-04-12,Facebook Ads,2380.93,1631,145467,1.4597976701410176,16.367492283473226
2025-08-03,Facebook Ads,110.47,2325,28610,0.04751397849462365,3.8612373296050335
2025-10-11,Facebook Ads,4295.76,507,127114,8.472899408284023,33.794546627436794
2025-07-23,Facebook Ads,2736.42,1237,102606,2.2121422797089734,26.66920063154202
2025-04-01,Facebook Ads,1124.35,540,68272,2.0821296296296294,16.468684087180687
2025-09-24,Facebook Ads,2659.93,1947,146833,1.3661684643040575,18.115341919050895
2025-10-19,Facebook Ads,2380.53,589,56737,4.041646859083192,41.957276556744276
2025-03-14,Facebook Ads,1492.06,2619,84794,0.5697059946544483,17.596292190485176
2025-08-26,Facebook Ads,2244.35,1714,35977,1.3094224037339557,62.382911304444505
2025-08-25,Facebook Ads,3483.3,1101,129290,3.1637602179836515,26.941758836723643
2025-07-15,Facebook Ads,1717.24,1277,92699,1.3447454972592012,18.524903181264094
2025-01-27,Facebook Ads,3842.03,2501,99325,1.5361975209916034,38.681399446262276
2025-09-09,Facebook Ads,2153.37,502,122222,4.289581673306773,17.618513851843364
2025-06-20,Facebook Ads,4293.19,1871,89638,2.294596472474612,47.894754456815186
2025-09-12,Facebook Ads,535.18,745,59656,0.7183624161073825,8.971100978945957
2025-08-01,Facebook Ads,3997.61,2641,89866,1.51367285119273,44.484120802083105
2025-04-27,Facebook Ads,1354.09,922,96527,1.468644251626898,14.028095765951495
2025-09-08,Facebook Ads,423.25,2086,107281,0.20290028763183127,3.945246595389678
2025-10-11,Facebook Ads,945.64,1817,84094,0.5204402861860209,11.245035317620758
2025-04-30,Facebook Ads,891.49,2470,127305,0.36092712550607287,7.002788578610423
2025-02-10,Facebook Ads,3740.86,516,145736,7.2497286821705424,25.66874348136356
2025-09-03,Facebook Ads,4133.09,1077,76434,3.8375951717734447,54.07397231598503
2025-05-29,Facebook Ads,3981.94,1199,129573,3.321050875729775,30.731248022350336
2025-03-11,Facebook Ads,1522.96,2595,38617,0.5868824662813102,39.43755340912033
2025-10-02,Facebook Ads,4321.03,2284,34587,1.891869527145359,124.93219995952236
2025-10-27,Facebook Ads,3619.77,1169,116508,3.0964670658682634,31.068853640951694
2025-02-28,Facebook Ads,4970.86,753,123888,6.60140770252324,40.12382151620818
2025-09-20,Facebook Ads,1219.07,922,97645,1.3222017353579174,12.484715039172514
2025-10-21,Facebook Ads,2965.62,1749,87483,1.6956089193825041,33.899386166455194
2025-08-11,Facebook Ads,1148.1,2621,142015,0.43803891644410525,8.084357286202161
2025-01-22,Facebook Ads,2953.2,2958,46998,0.9983772819472616,62.8367164560194
2025-02-21,Facebook Ads,3058.26,635,121261,4.816157480314961,25.22047484351935
2025-10-11,Facebook Ads,4463.25,2187,34971,2.040809327846365,127.6271768036373
2025-06-08,Facebook Ads,1209.41,1993,106173,0.6068289011540392,11.390937432303883
2025-02-06,Facebook Ads,3535.3,874,95944,4.044965675057209,36.84753606270325
2025-02-12,Facebook Ads,341.65,2562,136439,0.1333528493364559,2.5040494286824146
2025-07-03,Facebook Ads,4783.7,776,141079,6.164561855670103,33.90795228205473
2025-09-29,Facebook Ads,853.12,2943,87253,0.28988107373428473,9.777543465554194
2025-09-20,Facebook Ads,1103.38,2796,128204,0.3946280400572246,8.606439736669683
2025-08-24,Facebook Ads,2989.47,2652,105153,1.1272511312217193,28.429716698525006
2025-09-24,Facebook Ads,2991.36,1760,36317,1.6996363636363636,82.36803700746208
2025-06-10,Facebook Ads,1272.1,622,52151,2.045176848874598,24.392629096278114
2025-06-23,Facebook Ads,4236.95,1874,77467,2.2609124866595516,54.69361147327249
2025-07-26,Facebook Ads,2627.2,1681,109768,1.5628792385484829,23.934115589242765
2025-01-04,Facebook Ads,4539.08,1143,115215,3.971198600174978,39.39660634465998
2025-07-10,Facebook Ads,1359.7,1518,52995,0.8957180500658762,25.65713746579866
2025-04-16,Facebook Ads,454.79,2799,147660,0.16248302965344766,3.079981037518624
2025-08-25,Facebook Ads,478.43,957,46379,0.499926854754441,10.315660104788805
2025-03-19,Facebook Ads,2213.44,1288,30702,1.7185093167701864,72.09432610253404
2025-07-20,Facebook Ads,2707.47,1505,132855,1.7989833887043187,20.379135147341085
2025-03-23,Facebook Ads,2870.93,2869,116056,1.0006727082607179,24.73745433239126
2025-09-28,Facebook Ads,2071.19,1563,145070,1.3251375559820857,14.277176535465637
2025-02-18,Facebook Ads,782.47,2814,73332,0.2780632551528074,10.670239458899253
2025-06-03,Facebook Ads,1216.45,1156,26768,1.0522923875432526,45.444187089061565
2025-07-06,Facebook Ads,2656.22,1986,26310,1.337472306143001,100.95857088559482
2025-07-02,Facebook Ads,1300.01,1097,101526,1.1850592525068369,12.804700273821483
2025-03-31,LinkedIn Ads,88.91,,12464,,7.133344030808729
2025-06-17,LinkedIn Ads,105.68,,23778,,4.444444444444445
2025-03-29,LinkedIn Ads,126.14,,7776,,16.22170781893004
2025-07-06,LinkedIn Ads,278.82,,17481,,15.949888450317488
2025-10-13,LinkedIn Ads,375.81,,8954,,41.97118606209516
2025-08-16,LinkedIn Ads,350.83,,25293,,13.870636144387774
2025-05-09,LinkedIn Ads,185.53,,9359,,19.823699113153115
2025-02-08,LinkedIn Ads,228.98,,20158,,11.359261831530906
2025-08-22,LinkedIn Ads,245.91,,29380,,8.36997957794418
2025-02-01,LinkedIn Ads,123.35,,19745,,6.247151177513294
2025-02-24,LinkedIn Ads,324.24,,21819,,14.860442733397498
2025-02-07,LinkedIn Ads,392.41,,27483,,14.278281119237347
2025-08-04,LinkedIn Ads,169.6,,22050,,7.691609977324263
2025-09-20,LinkedIn Ads,342.97,,9386,,36.5405923716173
2025-05-13,LinkedIn Ads,63.67,,10729,,5.934383446733154
2025-02-11,LinkedIn Ads,235.42,,6612,,35.60496067755595
2025-07-25,LinkedIn Ads,131.81,,12605,,10.456961523205077
2025-08-29,LinkedIn Ads,209.73,,27153,,7.724008396862224
2025-10-17,LinkedIn Ads,344.71,,26136,,13.189087848178756
2025-07-19,LinkedIn Ads,179.75,,24575,,7.314343845371312
2025-10-25,LinkedIn Ads,253.37,,27727,,9.13802430843582
2025-03-21,LinkedIn Ads,318.8,,13007,,24.50987929576382
2025-10-04,LinkedIn Ads,64.86,,10308,,6.29220023282887
2025-09-19,LinkedIn Ads,83.79,,14626,,5.728839053739915
2025-01-14,LinkedIn Ads,87.17,,25489,,3.4199066263878537
2025-08-08,LinkedIn Ads,60.14,,13509,,4.451846916870235
2025-05-30,LinkedIn Ads,62.5,,13504,,4.628258293838862
2025-04-20,LinkedIn Ads,340.31,,14334,,23.741453885865774
2025-03-21,LinkedIn Ads,391.78,,29979,,13.068481270222488
2025-05-04,LinkedIn Ads,106.78,,17719,,6.026299452565043
2025-01-05,LinkedIn Ads,67.39,,27026,,2.4935247539406498
2025-09-29,LinkedIn Ads,83.49,,24416,,3.4194790301441675
2025-08-15,LinkedIn Ads,158.56,,18824,,8.423289417764556
2025-03-07,LinkedIn Ads,73.99,,24532,,3.016060655470406
2025-04-03,LinkedIn Ads,138.43,,27859,,4.968950787896191
2025-06-02,LinkedIn Ads,240.12,,11497,,20.885448377837697
2025-10-05,LinkedIn Ads,337.57,,8261,,40.86309163539523
2025-09-12,LinkedIn Ads,393.86,,14811,,26.592397542367163
2025-09-20,LinkedIn Ads,125.0,,10058,,12.427918075164047
2025-06-23,LinkedIn Ads,168.98,,11862,,14.245489799359298
2025-03-04,LinkedIn Ads,377.34,,8609,,43.83087466604715
2025-03-19,LinkedIn Ads,264.32,,13054,,20.24819978550636
2025-04-01,LinkedIn Ads,267.63,,18878,,14.176819578345164
2025-04-19,LinkedIn Ads,249.39,,24781,,10.063758524676162
2025-05-12,LinkedIn Ads,348.4,,14204,,24.528301886792452
2025-01-09,LinkedIn Ads,229.01,,9949,,23.018393808422957
2025-06-07,LinkedIn Ads,365.21,,9266,,39.41398661774228
2025-01-28,LinkedIn Ads,364.76,,16867,,21.625659571945217
2025-02-20,LinkedIn Ads,172.59,,27468,,6.283311489733508
2025-07-23,LinkedIn Ads,234.58,,28614,,8.198084853568185
2025-08-21,LinkedIn Ads,286.09,,14942,,19.146700575558825
2025-04-13,LinkedIn Ads,361.13,,28060,,12.86992159657876
2025-02-25,LinkedIn Ads,386.82,,26082,,14.830917874396134
2025-01-19,LinkedIn Ads,65.79,,9251,,7.11166360393471
2025-09-20,LinkedIn Ads,81.45,,7753,,10.505610731329808
2025-03-13,LinkedIn Ads,186.43,,22730,,8.201935767707875
2025-07-14,LinkedIn Ads,298.95,,27215,,10.984751056402718
2025-10-19,LinkedIn Ads,313.04,,21115,,14.825479516931093
2025-09-07,LinkedIn Ads,100.34,,13879,,7.229627494776281
2025-01-10,LinkedIn Ads,192.26,,29629,,6.488912889398899
2025-07-13,LinkedIn Ads,217.59,,5059,,43.01047637873098
2025-05-20,LinkedIn Ads,282.25,,14123,,19.98513063796644
2025-02-24,LinkedIn Ads,164.18,,10727,,15.305304372145056
2025-05-15,LinkedIn Ads,369.98,,12662,,29.21971252566735
2025-05-02,LinkedIn Ads,354.61,,10235,,34.64680019540792
2025-06-15,LinkedIn Ads,81.34,,6544,,12.429706601466993
2025-10-22,LinkedIn Ads,317.05,,23487,,13.49895686975774
2025-05-18,LinkedIn Ads,253.5,,16794,,15.094676670239371
2025-05-02,LinkedIn Ads,286.92,,11359,,25.259265780438422
2025-08-26,LinkedIn Ads,183.14,,9477,,19.324680806162288
2025-07-08,LinkedIn Ads,76.4,,17615,,4.33721260289526
2025-08-24,LinkedIn Ads,399.43,,20561,,19.42658431010165
2025-09-20,LinkedIn Ads,123.12,,15911,,7.738042863427817
2025-03-23,LinkedIn Ads,234.82,,29488,,7.963239283776451
2025-03-13,LinkedIn Ads,319.55,,15699,,20.354799668768713
2025-06-05,LinkedIn Ads,308.6,,20622,,14.964600911647755
2025-06-30,LinkedIn Ads,188.38,,21094,,8.930501564425903
2025-10-06,LinkedIn Ads,179.21,,28592,,6.267837157246783
2025-09-16,LinkedIn Ads,315.1,,18946,,16.63147894014568
2025-08-05,LinkedIn Ads,88.62,,6258,,14.161073825503356
2025-09-01,LinkedIn Ads,308.13,,29220,,10.54517453798768
2025-05-07,LinkedIn Ads,63.01,,6095,,10.337981952420016
2025-04-02,LinkedIn Ads,69.6,,13029,,5.341929541791388
2025-04-09,LinkedIn Ads,334.55,,9008,,37.13920959147424
2025-05-01,LinkedIn Ads,332.79,,14294,,23.281796557996365
2025-03-14,LinkedIn Ads,255.14,,13825,,18.454972875226037
2025-05-18,LinkedIn Ads,317.89,,23740,,13.390480202190396
2025-03-18,LinkedIn Ads,329.92,,20001,,16.49517524123794
2025-09-29,LinkedIn Ads,309.1,,28641,,10.792220942006216
2025-06-30,LinkedIn Ads,157.56,,22000,,7.161818181818181
2025-01-15,LinkedIn Ads,379.1,,15423,,24.58017246968813
2025-01-22,LinkedIn Ads,138.95,,10534,,13.190620846781847
2025-09-21,LinkedIn Ads,203.56,,20176,,10.089214908802537
2025-05-15,LinkedIn Ads,338.74,,20704,,16.36108964451314
2025-03-12,LinkedIn Ads,67.51,,24048,,2.807302062541584
2025-09-11,LinkedIn Ads,192.51,,12070,,15.949461474730736
2025-08-06,LinkedIn Ads,114.32,,10352,,11.043276661514684
2025-01-23,LinkedIn Ads,125.92,,13942,,9.031702768612826
2025-08-28,LinkedIn Ads,248.94,,11162,,22.30245475721197
2025-08-02,LinkedIn Ads,389.26,,22400,,17.37767857142857
2025-10-17,LinkedIn Ads,167.73,,6348,,26.42249527410208
2025-07-09,LinkedIn Ads,293.63,,7421,,39.567443740735754
2025-10-30,LinkedIn Ads,174.67,,16717,,10.448645091822694
2025-08-05,LinkedIn Ads,95.96,,28840,,3.3273231622746184
2025-10-05,LinkedIn Ads,54.24,,5991,,9.053580370555835
2025-04-07,LinkedIn Ads,347.65,,13631,,25.5043650502531
2025-03-13,LinkedIn Ads,357.63,,17340,,20.624567474048444
2025-08-15,LinkedIn Ads,52.68,,12087,,4.3584015884834955
2025-03-25,LinkedIn Ads,373.91,,18717,,19.97702623283646
2025-05-30,LinkedIn Ads,173.41,,10959,,15.823524044164614
2025-09-19,LinkedIn Ads,324.03,,26549,,12.204979471919845
2025-01-30,LinkedIn Ads,54.44,,7890,,6.899873257287706
2025-09-09,LinkedIn Ads,50.72,,24100,,2.104564315352697
2025-04-30,LinkedIn Ads,293.97,,24062,,12.217188928601114
2025-06-14,LinkedIn Ads,343.83,,10380,,33.12427745664739
2025-05-21,LinkedIn Ads,114.24,,24762,,4.613520717228011
2025-08-05,LinkedIn Ads,97.24,,24672,,3.9413099870298316
2025-10-24,LinkedIn Ads,357.21,,23614,,15.127043279410518
2025-08-23,LinkedIn Ads,152.06,,23021,,6.605273445984102
2025-04-26,LinkedIn Ads,242.95,,24264,,10.01277612924497
2025-05-01,LinkedIn Ads,255.73,,14148,,18.075346338705113
2025-04-27,LinkedIn Ads,356.31,,5297,,67.26637719463848
2025-04-08,LinkedIn Ads,221.77,,15055,,14.730654267685155
2025-02-23,LinkedIn Ads,120.0,,19232,,6.239600665557404
2025-02-17,LinkedIn Ads,110.42,,19770,,5.5852301466869
2025-10-13,LinkedIn Ads,262.35,,21216,,12.36566742081448
2025-01-20,LinkedIn Ads,386.92,,5643,,68.56636540847067
2025-08-27,LinkedIn Ads,263.44,,15833,,16.63866607718057
2025-03-28,LinkedIn Ads,235.48,,9119,,25.823006908652264
2025-07-29,LinkedIn Ads,247.49,,25829,,9.58186534515467
2025-02-14,LinkedIn Ads,228.5,,23973,,9.531556334209318
2025-01-06,LinkedIn Ads,217.59,,10586,,20.554505951256377
2025-06-22,LinkedIn Ads,61.94,,8103,,7.644082438602986
2025-08-30,LinkedIn Ads,320.08,,7387,,43.3301746311087
2025-06-09,LinkedIn Ads,220.37,,24953,,8.831403037710897
2025-05-13,LinkedIn Ads,357.52,,25710,,13.90587320108907
2025-03-03,LinkedIn Ads,391.24,,27180,,14.3944076526858
2025-01-17,LinkedIn Ads,274.11,,15682,,17.47927560260171
2025-03-31,LinkedIn Ads,373.15,,18218,,20.482489845208036
2025-09-16,LinkedIn Ads,327.91,,10938,,29.978972389833608
2025-01-06,LinkedIn Ads,227.79,,16095,,14.152842497670083
2025-08-03,LinkedIn Ads,306.84,,14338,,21.40047426419305
2025-07-05,LinkedIn Ads,385.54,,21985,,17.536502160564023
2025-08-15,LinkedIn Ads,211.08,,26493,,7.967387611821992
2025-09-15,LinkedIn Ads,399.97,,21688,,18.441995573589082
2025-01-19,LinkedIn Ads,321.56,,18182,,17.685623143768563
2025-03-15,LinkedIn Ads,390.71,,6330,,61.72353870458135
2025-08-06,LinkedIn Ads,91.75,,15497,,5.9205007420791125
2025-04-11,LinkedIn Ads,120.64,,13587,,8.879075586958121
2025-03-06,LinkedIn Ads,364.56,,21058,,17.312185392724857
2025-07-26,LinkedIn Ads,239.52,,19391,,12.352122118508587
2025-06-25,LinkedIn Ads,247.73,,9146,,27.08615788322764
2025-04-08,LinkedIn Ads,342.72,,10352,,33.106646058732615
2025-04-14,LinkedIn Ads,320.66,,24115,,13.29711797636326
2025-02-21,LinkedIn Ads,200.9,,20417,,9.83983934956164
2025-06-06,LinkedIn Ads,346.38,,13616,,25.43918918918919
2025-10-14,LinkedIn Ads,224.88,,9681,,23.229005268050823
2025-01-05,LinkedIn Ads,304.68,,23920,,12.737458193979933
2025-07-23,LinkedIn Ads,177.34,,21062,,8.41990314310132
2025-01-06,LinkedIn Ads,268.38,,12834,,20.91164095371669
2025-10-10,LinkedIn Ads,342.95,,5323,,64.4279541611873
2025-08-24,LinkedIn Ads,366.48,,25460,,14.394344069128046
2025-08-31,LinkedIn Ads,195.88,,6049,,32.382211935857164
2025-08-09,LinkedIn Ads,268.31,,7670,,34.98174706649283
2025-06-02,LinkedIn Ads,182.36,,7025,,25.958718861209967
2025-02-07,LinkedIn Ads,395.2,,19696,,20.06498781478473
2025-07-27,LinkedIn Ads,384.62,,5857,,65.66843093733995
2025-03-27,LinkedIn Ads,291.35,,22146,,13.155874650049672
2025-02-02,LinkedIn Ads,245.9,,12711,,19.345448823853356
2025-10-14,LinkedIn Ads,219.36,,8263,,26.547258864819074
2025-07-06,LinkedIn Ads,274.49,,14913,,18.40608864748877
2025-09-07,LinkedIn Ads,259.32,,14058,,18.446436192915066
2025-03-11,LinkedIn Ads,296.41,,15817,,18.739963330593664
2025-10-08,LinkedIn Ads,254.13,,11817,,21.505458238131506
2025-10-28,LinkedIn Ads,78.19,,20600,,3.795631067961165
2025-09-20,LinkedIn Ads,342.0,,8600,,39.76744186046512
2025-01-10,LinkedIn Ads,380.53,,19196,,19.823400708480932
2025-10-06,LinkedIn Ads,175.01,,11736,,14.912235855487388
2025-01-22,LinkedIn Ads,395.28,,12706,,31.1097119471116
2025-05-16,LinkedIn Ads,229.32,,11786,,19.45698286102155
2025-03-31,LinkedIn Ads,60.33,,19114,,3.156325206654808
2025-04-24,LinkedIn Ads,61.85,,15002,,4.122783628849487
2025-07-18,LinkedIn Ads,86.0,,26664,,3.2253225322532257
2025-02-26,LinkedIn Ads,168.07,,16198,,10.375972342264475
2025-02-05,LinkedIn Ads,61.39,,22965,,2.6731983453080774
2025-05-06,LinkedIn Ads,128.02,,18121,,7.064731526957674
2025-02-08,LinkedIn Ads,287.6,,7938,,36.230788611741
2025-02-20,LinkedIn Ads,332.16,,26705,,12.438120202209324
2025-03-16,LinkedIn Ads,220.04,,23913,,9.201689457617196
2025-09-21,LinkedIn Ads,307.36,,6411,,47.94259865855561
2025-08-19,LinkedIn Ads,158.43,,22466,,7.0519896732840746
2025-03-26,LinkedIn Ads,187.62,,6604,,28.410054512416718
2025-03-28,LinkedIn Ads,399.15,,5303,,75.26871582123326
2025-02-16,LinkedIn Ads,210.93,,8705,,24.23090178058587
2025-07-15,LinkedIn Ads,310.44,,23042,,13.472788820414895
2025-06-16,LinkedIn Ads,372.62,,16158,,23.06102240376284
2025-01-28,LinkedIn Ads,395.34,,9305,,42.48683503492746
2025-07-19,LinkedIn Ads,140.84,,15260,,9.22935779816514
2025-07-04,LinkedIn Ads,172.21,,10506,,16.391585760517803
2025-05-21,LinkedIn Ads,212.14,,20553,,10.321607551209068
2025-09-03,LinkedIn Ads,360.91,,26255,,13.746334031613028
2025-10-21,LinkedIn Ads,183.59,,8118,,22.615176151761517
2025-02-16,LinkedIn Ads,364.38,,17830,,20.436343241727425
2025-06-16,LinkedIn Ads,363.02,,28103,,12.917482119346689
2025-08-15,LinkedIn Ads,176.64,,8400,,21.02857142857143
2025-01-09,LinkedIn Ads,242.94,,19630,,12.375955170657157
2025-10-12,LinkedIn Ads,62.28,,7449,,8.360853805879984
2025-03-17,LinkedIn Ads,94.92,,12151,,7.811702740515184
2025-06-02,LinkedIn Ads,223.8,,8268,,27.06821480406386
2025-03-07,LinkedIn Ads,255.84,,22840,,11.20140105078809
2025-05-16,LinkedIn Ads,365.12,,13087,,27.899442194544203
2025-01-17,LinkedIn Ads,334.45,,6882,,48.597791339726825
2025-03-06,LinkedIn Ads,128.32,,11735,,10.934810396250532
2025-03-17,LinkedIn Ads,248.82,,26141,,9.518381087181057
2025-08-12,LinkedIn Ads,382.8,,29686,,12.894967324664824
2025-06-22,LinkedIn Ads,194.76,,15764,,12.354732301446333
2025-03-08,LinkedIn Ads,281.69,,23998,,11.738061505125426
2025-10-11,LinkedIn Ads,266.32,,19933,,13.360758541112729
2025-07-18,LinkedIn Ads,349.08,,5553,,62.863317125877906
2025-05-05,LinkedIn Ads,198.59,,16837,,11.794856565896538
2025-07-16,LinkedIn Ads,144.11,,20002,,7.204779522047796
2025-08-27,LinkedIn Ads,371.22,,14789,,25.10108864696734
2025-02-18,LinkedIn Ads,119.69,,11465,,10.43959877889228
2025-08-20,LinkedIn Ads,134.32,,22054,,6.090505123787068
2025-08-19,LinkedIn Ads,71.38,,25320,,2.81911532385466
2025-09-08,LinkedIn Ads,123.64,,29066,,4.253767288240556
2025-01-12,LinkedIn Ads,281.69,,11433,,24.638327648036388
2025-02-19,LinkedIn Ads,275.15,,9493,,28.98451490572
2025-03-18,LinkedIn Ads,324.85,,5051,,64.31399722827163
2025-04-03,LinkedIn Ads,191.94,,20489,,9.36795353604373
2025-07-23,LinkedIn Ads,208.91,,18058,,11.56883375789124
2025-07-12,LinkedIn Ads,99.77,,7744,,12.883522727272727
2025-03-08,LinkedIn Ads,223.24,,17721,,12.59748321200835
2025-06-02,LinkedIn Ads,153.58,,23510,,6.532539344959592
2025-08-14,LinkedIn Ads,167.84,,16118,,10.41320263059933
2025-01-23,LinkedIn Ads,391.11,,10700,,36.55233644859813
2025-04-25,LinkedIn Ads,79.67,,10633,,7.492711370262391
2025-04-10,LinkedIn Ads,204.05,,13408,,15.218526252983294
2025-04-15,LinkedIn Ads,338.54,,6699,,50.53590088072847
2025-09-06,LinkedIn Ads,108.98,,15004,,7.263396427619302
2025-03-03,LinkedIn Ads,108.67,,10134,,10.723307677126506
2025-04-20,LinkedIn Ads,290.15,,27033,,10.733177967669144
2025-03-28,LinkedIn Ads,59.12,,7921,,7.463704077767958
2025-02-20,LinkedIn Ads,273.71,,25131,,10.89132943376706
2025-01-30,LinkedIn Ads,362.95,,17060,,21.27491207502931
2025-06-04,LinkedIn Ads,176.25,,21991,,8.014642353690146
2025-06-09,LinkedIn Ads,128.59,,19955,,6.443998997744926
2025-01-24,LinkedIn Ads,382.72,,9031,,42.378474144613
2025-09-14,LinkedIn Ads,313.19,,7571,,41.367058512746006
2025-10-09,LinkedIn Ads,285.11,,13827,,20.61980183698561
2025-01-20,LinkedIn Ads,224.07,,29420,,7.6162474507138
2025-07-31,LinkedIn Ads,122.32,,6458,,18.940848559925673
2025-06-18,LinkedIn Ads,243.17,,7095,,34.27343199436223
2025-04-23,LinkedIn Ads,349.28,,25161,,13.881801200270258
2025-05-18,LinkedIn Ads,190.24,,12508,,15.20946594179725
2025-05-24,LinkedIn Ads,72.64,,13334,,5.4477276136193185
2025-08-09,LinkedIn Ads,348.75,,18932,,18.421191633213606
2025-02-15,LinkedIn Ads,138.65,,7652,,18.11944589649765
2025-09-01,LinkedIn Ads,151.59,,13656,,11.1006151142355
2025-05-10,LinkedIn Ads,310.68,,14087,,22.054376375381555
2025-03-12,LinkedIn Ads,361.02,,14722,,24.52248335823937
2025-06-20,LinkedIn Ads,153.51,,9776,,15.702741407528642
2025-03-11,LinkedIn Ads,382.2,,22526,,16.967060285891858
2025-01-07,LinkedIn Ads,296.65,,28312,,10.47788923424696
2025-10-27,LinkedIn Ads,154.0,,29319,,5.252566595040758
2025-03-26,LinkedIn Ads,345.72,,29012,,11.9164483661933
2025-09-25,LinkedIn Ads,97.82,,10182,,9.607149872323708
2025-08-12,LinkedIn Ads,78.21,,16252,,4.812330790056608
2025-04-23,LinkedIn Ads,247.78,,29348,,8.442824042524192
2025-06-09,LinkedIn Ads,181.11,,21594,,8.387051958877466
2025-08-08,LinkedIn Ads,316.18,,6829,,46.29960462732465
2025-04-14,LinkedIn Ads,167.81,,18021,,9.311913878253149
2025-07-09,LinkedIn Ads,52.82,,5707,,9.25530050814789
2025-02-26,LinkedIn Ads,247.43,,11439,,21.63038727161465
2025-06-09,LinkedIn Ads,144.48,,10214,,14.145290777364401
2025-10-30,LinkedIn Ads,349.28,,21487,,16.25541024805696
2025-03-18,LinkedIn Ads,238.69,,12706,,18.785613096175037
2025-07-20,LinkedIn Ads,361.48,,26569,,13.605329519364673
2025-05-02,LinkedIn Ads,80.68,,25547,,3.15810075547031
2025-09-12,LinkedIn Ads,52.92,,29236,,1.810097140511698
2025-03-05,LinkedIn Ads,206.8,,19401,,10.659244368846966
2025-03-27,LinkedIn Ads,299.98,,15223,,19.70570846745057
2025-10-23,LinkedIn Ads,214.46,,16216,,13.22520966946226
2025-08-22,LinkedIn Ads,346.3,,25585,,13.535274574946257
2025-10-15,LinkedIn Ads,129.16,,27179,,4.75219838846168
2025-08-18,LinkedIn Ads,190.07,,20199,,9.409871775830487
2025-06-25,LinkedIn Ads,311.06,,11292,,27.54693588381155
2025-06-10,LinkedIn Ads,155.8,,20859,,7.469197948127907
2025-04-04,LinkedIn Ads,120.64,,27608,,4.369747899159663
2025-05-20,LinkedIn Ads,226.25,,18985,,11.9173031340532
2025-01-12,LinkedIn Ads,232.38,,8902,,26.10424623680072
2025-03-30,LinkedIn Ads,340.13,,28398,,11.977251919149236
2025-10-30,LinkedIn Ads,54.42,,27287,,1.9943562868765348
2025-05-25,LinkedIn Ads,307.04,,8395,,36.57415128052413
2025-08-27,LinkedIn Ads,368.43,,23328,,15.7934670781893
2025-06-18,LinkedIn Ads,309.69,,12265,,25.249898083978803
2025-10-05,LinkedIn Ads,59.09,,18763,,3.1492831636731866
2025-05-07,LinkedIn Ads,257.25,,22420,,11.474130240856379
2025-10-15,LinkedIn Ads,91.67,,19858,,4.616275556450801
2025-10-21,LinkedIn Ads,236.5,,11764,,20.10370622237334
